cdr	chain	resnum	resname	abs_pose_idx	energy_kj	is_anchor
H1	H	26	GLY	26	NA	False
H1	H	27	PHE	27	NA	False
H1	H	28	ASN	28	NA	False
H1	H	29	ILE	29	NA	False
H1	H	30	LYS	30	NA	False
H1	H	31	ASP	31	NA	False
H1	H	32	THR	32	NA	False
H2	H	52	TYR	52	NA	False
H2	H	53	PRO	53	NA	False
H2	H	54	THR	54	NA	False
H2	H	55	ASN	55	NA	False
H2	H	56	GLY	56	NA	False
H2	H	57	TYR	57	-67.70	True
H3	H	99	TRP	99	-25.39	False
H3	H	100	GLY	100	NA	False
H3	H	101	GLY	101	NA	False
H3	H	102	ASP	102	NA	False
H3	H	103	GLY	103	NA	False
H3	H	104	PHE	104	NA	False
H3	H	105	TYR	105	-56.67	True
H3	H	106	ALA	106	NA	False
H3	H	107	MET	107	NA	False
H3	H	108	ASP	108	NA	False
H3	H	109	TYR	109	NA	False
L1	L	146	ARG	146	NA	False
L1	L	147	ALA	147	NA	False
L1	L	148	SER	148	NA	False
L1	L	149	GLN	149	NA	False
L1	L	150	ASP	150	NA	False
L1	L	151	VAL	151	NA	False
L1	L	152	ASN	152	-100.04	True
L1	L	153	THR	153	-89.57	True
L1	L	154	ALA	154	-1.20	False
L1	L	155	VAL	155	NA	False
L1	L	156	ALA	156	NA	False
L2	L	172	SER	172	-54.49	True
L2	L	173	ALA	173	NA	False
L2	L	174	SER	174	NA	False
L2	L	175	PHE	175	-43.62	False
L2	L	176	LEU	176	NA	False
L2	L	177	TYR	177	NA	False
L2	L	178	SER	178	NA	False
L3	L	211	GLN	211	NA	False
L3	L	212	GLN	212	NA	False
L3	L	213	HIS	213	-13.99	False
L3	L	214	TYR	214	-115.75	True
L3	L	215	THR	215	NA	False
L3	L	216	THR	216	-133.40	True
L3	L	217	PRO	217	NA	False
L3	L	218	PRO	218	NA	False
L3	L	219	THR	219	NA	False
